{
  "locationPoints": [
    {
      "id": 1,
      "latitud": 40.29243971169187,
      "longitud": -3.7832160517160225,
      "altitud": 10,
      "createdByUserID": 3,
      "informationId": 1
    },
    {
      "id": 2,
      "latitud": 40.29411729994367,
      "longitud": -3.785404734235257,
      "altitud": 20,
      "createdByUserID": 3,
      "informationId": null
    },
    {
      "id": 3,
      "latitud": 40.29461714141148,
      "longitud": -3.7835261657180683,
      "altitud": 15,
      "createdByUserID": 3,
      "informationId": 3
    }
  ]
}
