{
  "locationPoints": [
    {
      "id": 1,
      "latitud": 40.29243971169187,
      "longitud": -3.7832160517160225,
      "createdByUserID": 3,
      "informationId": 1,
      "arInformationId": [1, 2],
      "isCreated": false
    },
    {
      "id": 2,
      "latitud": 40.29411729994367,
      "longitud": -3.785404734235257,
      "createdByUserID": 3,
      "informationId": 2,
      "arInformationId": [3, 4],
      "isCreated": false
    },
    {
      "id": 3,
      "latitud": 40.29461714141148,
      "longitud": -3.7835261657180683,
      "createdByUserID": 3,
      "informationId": 3,
      "arInformationId": [5],
      "isCreated": false
    },
    {
      "id": 4,
      "latitud": 40.29368080796596,
      "longitud": -3.784067402979771,
      "createdByUserID": 3,
      "informationId": 4,
      "isCreated": true
    }
  ]
}
